Country_Code,Country_Name,1960,1961,1962,1963,1964,1965,1966,1967,1968,1969,1970,1971,1972,1973,1974,1975,1976,1977,1978,1979,1980,1981,1982,1983,1984,1985,1986,1987,1988,1989,1990,1991,1992,1993,1994,1995,1996,1997,1998,1999,2000,2001,2002,2003,2004,2005,2006,2007,2008,2009,2010,2011,2012,2013,2014,2015,2016,2017,2018,2019,2020,2021,2022,2023,2024
AF,Afghanistan,2279.0,2279.0,2279.0,1947.0,2250.0,2282.0,2033.0,2280.0,2354.0,2454.0,2081.0,1915.0,2450.0,2750.0,2750.0,2800.0,2940.0,2900.0,2800.0,2663.0,2750.0,2850.0,2860.0,2850.0,2750.0,2900.0,2850.0,2300.0,1900.0,1800.0,1650.0,1726.0,1650.0,1940.0,2050.0,2000.0,2300.0,2711.0,2834.0,2499.0,1469.0,1597.0,2686.0,3550.0,2293.0,3500.0,3100.0,3350.0,2100.0,4250.0,3700.0,2500.0,5050.0,5169.0,5370.0,4673.0,4555.0,4281.0,3613.0,4890.0,5185.0,4018.0,3802.0,5170.0,5200.0
AG,Algeria,1509.0,686.0,1507.0,1590.0,1162.0,1325.0,630.0,1266.0,1534.0,1326.0,1435.0,1317.0,1956.0,920.0,1150.0,1897.0,1901.0,962.0,1154.0,1081.0,1512.0,1295.0,977.0,794.0,1646.0,1660.0,1230.0,1175.0,615.0,1150.0,775.0,1800.0,1750.0,1100.0,715.0,1500.0,2980.0,670.0,2200.0,1470.0,760.0,2039.0,1502.0,2965.0,2731.0,2415.0,2688.0,2319.0,1111.0,2953.0,2605.0,2911.0,3432.0,3299.0,2436.0,2657.0,2440.0,2437.0,3981.0,3877.0,3107.0,2500.0,3600.0,2700.0,3000.0
AJ,Azerbaijan,,,,,,,,,,,,,,,,,,,,,,,,,,,,649.0,782.0,542.0,880.0,889.0,906.0,806.0,739.0,598.0,759.0,935.0,819.0,866.0,1175.0,1529.0,1732.0,1547.0,1614.0,1566.0,1494.0,1331.0,1678.0,2141.0,1309.0,1641.0,1847.0,1893.0,1449.0,1688.0,1852.0,1819.0,2043.0,2172.0,1867.0,1885.0,1736.0,1834.0,1850.0
AL,Albania,64.0,98.0,146.0,62.0,124.0,115.0,154.0,176.0,184.0,210.0,230.0,230.0,192.0,333.0,330.0,300.0,390.0,390.0,390.0,350.0,500.0,489.0,524.0,583.0,600.0,575.0,560.0,560.0,633.0,611.0,615.0,290.0,320.0,400.0,460.0,400.0,316.0,370.0,395.0,272.0,341.0,282.0,295.0,260.0,253.0,260.0,231.0,250.0,335.0,333.0,295.0,293.0,300.0,294.0,280.0,275.0,275.0,275.0,240.0,233.0,233.0,225.0,233.0,234.0,225.0
AM,Armenia,,,,,,,,,,,,,,,,,,,,,,,,,,,,142.0,180.0,100.0,156.0,174.0,142.0,218.0,147.0,154.0,201.0,200.0,250.0,210.0,100.0,241.0,285.0,216.0,291.0,258.0,146.0,254.0,226.0,198.0,184.0,224.0,243.0,312.0,338.0,363.0,350.0,176.0,188.0,113.0,132.0,97.0,139.0,178.0,170.0
AO,Angola,0.0,20.0,20.0,20.0,13.0,20.0,22.0,27.0,27.0,14.0,12.0,13.0,10.0,12.0,17.0,10.0,13.0,10.0,10.0,10.0,10.0,10.0,6.0,8.0,6.0,7.0,6.0,4.0,4.0,4.0,3.0,4.0,4.0,3.0,4.0,4.0,4.0,5.0,6.0,4.0,4.0,4.0,4.0,4.0,3.0,4.0,4.0,4.0,4.0,4.0,4.0,4.0,4.0,3.0,3.0,4.0,4.0,3.0,5.0,9.0,9.0,9.0,7.0,7.0,7.0
AR,Argentina,3960.0,5725.0,5700.0,8940.0,11260.0,6079.0,6247.0,7320.0,5740.0,7020.0,4920.0,5680.0,6900.0,6560.0,5970.0,8570.0,11000.0,5700.0,8100.0,8100.0,7780.0,8300.0,15000.0,12750.0,13200.0,8500.0,8930.0,9000.0,8540.0,10000.0,10992.0,9884.0,9874.0,9659.0,11306.0,8600.0,15914.0,15740.0,13300.0,16400.0,16300.0,15700.0,12700.0,15100.0,16900.0,13800.0,16300.0,18600.0,11000.0,12000.0,17200.0,15500.0,9300.0,10500.0,13930.0,11300.0,18400.0,18500.0,19500.0,19750.0,17640.0,22150.0,12550.0,15850.0,18500.0
AS,Australia,7450.0,6727.0,8353.0,8925.0,10037.0,7067.0,12699.0,7547.0,14804.0,10546.0,7890.0,8606.0,6590.0,11987.0,11357.0,11982.0,11800.0,9370.0,18090.0,16188.0,10856.0,16360.0,8876.0,22016.0,18666.0,16167.0,16119.0,12369.0,14060.0,14214.0,15066.0,10557.0,16184.0,16479.0,8903.0,16504.0,22925.0,19224.0,21465.0,24757.0,22108.0,24299.0,10132.0,26132.0,21905.0,25173.0,10822.0,13569.0,21420.0,21834.0,27410.0,29905.0,22856.0,25303.0,23743.0,22275.0,31819.0,20941.0,17598.0,14480.0,31923.0,36237.0,40545.0,25960.0,34110.0
BA,Bahrain,,,,,,,,,,,,,,,,,,,,,0.0,0.0,0.0,0.0,0.0,0.0,0.0,0.0,0.0,0.0,0.0,0.0,0.0,0.0,0.0,0.0,0.0,0.0,0.0,0.0,0.0,0.0,0.0,0.0,0.0,0.0,0.0,0.0,0.0,0.0,0.0,0.0,0.0,0.0,0.0,0.0,0.0,0.0,0.0,0.0,0.0,0.0,0.0,0.0,0.0
BB,Barbados,,,,,,,,,,,,,,,,,,,,,,,0.0,0.0,0.0,0.0,0.0,0.0,0.0,0.0,0.0,0.0,0.0,0.0,0.0,0.0,0.0,0.0,0.0,0.0,0.0,0.0,0.0,0.0,0.0,0.0,0.0,0.0,0.0,0.0,0.0,0.0,0.0,0.0,0.0,0.0,0.0,0.0,0.0,0.0,0.0,0.0,0.0,,
BG,Bangladesh,29.0,33.0,40.0,45.0,35.0,35.0,36.0,59.0,90.0,101.0,107.0,112.0,115.0,111.0,116.0,218.0,259.0,348.0,494.0,836.0,1093.0,967.0,1095.0,1210.0,1464.0,1042.0,1091.0,1091.0,1020.0,890.0,1004.0,1004.0,1065.0,1176.0,1131.0,1245.0,1370.0,1454.0,1803.0,1988.0,1673.0,1610.0,1510.0,1253.0,976.0,820.0,740.0,1200.0,849.0,850.0,972.0,996.0,1260.0,1280.0,1300.0,1290.0,1250.0,1153.0,1100.0,1200.0,1180.0,1085.0,1100.0,1100.0,1100.0
BK,Bosnia and Herzegovina,,,,,,,,,,,,,,,,,,,,,,,,,,,,,,,,,188.0,184.0,205.0,216.0,159.0,287.0,341.0,258.0,336.0,255.0,272.0,161.0,319.0,248.0,232.0,257.0,241.0,256.0,145.0,210.0,225.0,265.0,170.0,213.0,307.0,289.0,292.0,265.0,322.0,275.0,281.0,279.0,250.0
BL,Bolivia,68.0,35.0,40.0,55.0,57.0,55.0,41.0,27.0,45.0,53.0,44.0,47.0,51.0,57.0,62.0,62.0,70.0,56.0,57.0,68.0,60.0,67.0,66.0,46.0,49.0,39.0,42.0,44.0,42.0,47.0,87.0,83.0,128.0,68.0,107.0,74.0,139.0,159.0,123.0,78.0,94.0,96.0,90.0,77.0,95.0,120.0,143.0,145.0,183.0,235.0,239.0,133.0,186.0,160.0,338.0,329.0,154.0,302.0,237.0,311.0,337.0,311.0,273.0,300.0,315.0
BM,Burma,10.0,15.0,21.0,33.0,72.0,97.0,67.0,51.0,25.0,34.0,40.0,40.0,26.0,24.0,64.0,57.0,76.0,93.0,42.0,90.0,116.0,120.0,130.0,214.0,206.0,190.0,192.0,157.0,130.0,124.0,135.0,140.0,140.0,140.0,150.0,150.0,150.0,90.0,90.0,100.0,100.0,100.0,96.0,107.0,124.0,124.0,156.0,140.0,155.0,173.0,182.0,185.0,180.0,186.0,185.0,198.0,180.0,135.0,95.0,100.0,80.0,80.0,80.0,80.0,80.0
BO,Belarus,,,,,,,,,,,,,,,,,,,,,,,,,,,,431.0,323.0,419.0,381.0,242.0,330.0,354.0,230.0,439.0,600.0,744.0,787.0,712.0,966.0,867.0,1017.0,700.0,1430.0,1175.0,1075.0,1397.0,2045.0,1979.0,1739.0,2132.0,2554.0,2102.0,2924.0,2896.0,2340.0,2620.0,1815.0,2309.0,2848.0,2300.0,2350.0,2300.0,2600.0
BR,Brazil,350.0,250.0,256.0,100.0,226.0,222.0,299.0,365.0,694.0,1146.0,1735.0,2034.0,694.0,2031.0,2858.0,1788.0,3216.0,2066.0,2691.0,2879.0,2676.0,2217.0,1849.0,2100.0,2030.0,4300.0,5600.0,6100.0,5800.0,5550.0,3300.0,3078.0,2739.0,2107.0,2138.0,1526.0,3195.0,2380.0,2188.0,2403.0,1660.0,3250.0,2925.0,5851.0,5845.0,4873.0,2234.0,3825.0,5880.0,5026.0,5900.0,5800.0,4380.0,5530.0,6000.0,5540.0,6730.0,4264.0,5428.0,5155.0,6235.0,7679.0,10554.0,8097.0,7889.0
BT,Bhutan,,,,,,,,,,,,,,,,,,,,,6.0,9.0,10.0,11.0,12.0,11.0,11.0,8.0,4.0,4.0,5.0,5.0,5.0,7.0,10.0,13.0,17.0,20.0,20.0,20.0,4.0,4.0,5.0,5.0,4.0,11.0,10.0,9.0,6.0,4.0,5.0,6.0,5.0,4.0,3.0,4.0,3.0,4.0,3.0,1.0,1.0,1.0,1.0,,
BU,Bulgaria,2389.0,2034.0,2085.0,1894.0,2121.0,2923.0,3195.0,3256.0,2549.0,2569.0,3032.0,3095.0,3582.0,3258.0,3034.0,2996.0,3511.0,3384.0,3466.0,3355.0,3847.0,4443.0,4913.0,3600.0,4836.0,3068.0,4327.0,4149.0,4743.0,5402.0,5095.0,4500.0,3440.0,3618.0,3754.0,3150.0,1800.0,3250.0,3300.0,,,,,,,,,,,,,,,,,,,,,,,,,,
CA,Canada,14108.0,7713.0,15392.0,19690.0,16349.0,17674.0,22516.0,16137.0,17689.0,18267.0,9024.0,14412.0,14514.0,16159.0,13295.0,17078.0,23587.0,19862.0,21145.0,17185.0,19291.0,24802.0,26715.0,26465.0,21188.0,24252.0,31359.0,25945.0,15913.0,24796.0,32098.0,31946.0,29871.0,27226.0,22920.0,24989.0,29801.0,24280.0,24082.0,26941.0,26536.0,20630.0,15961.0,23049.0,24796.0,25748.0,25265.0,20090.0,28619.0,26950.0,23300.0,25288.0,27246.0,37589.0,29442.0,27647.0,32140.0,30377.0,32352.0,32670.0,35437.0,22422.0,34807.0,32946.0,34958.0
CD,Chad,,,,,,,,,,,,,,,,5.0,6.0,4.0,5.0,6.0,6.0,6.0,6.0,10.0,2.0,4.0,5.0,3.0,4.0,6.0,6.0,4.0,6.0,6.0,6.0,6.0,6.0,6.0,6.0,5.0,3.0,4.0,4.0,3.0,5.0,4.0,5.0,8.0,8.0,10.0,8.0,2.0,9.0,2.0,1.0,1.0,2.0,2.0,2.0,2.0,2.0,2.0,1.0,1.0,2.0
CE,Sri Lanka,0.0,0.0,0.0,0.0,0.0,0.0,0.0,0.0,0.0,0.0,0.0,0.0,0.0,0.0,0.0,0.0,0.0,0.0,0.0,0.0,0.0,0.0,0.0,0.0,0.0,0.0,0.0,0.0,0.0,0.0,0.0,0.0,0.0,0.0,0.0,0.0,0.0,0.0,0.0,0.0,0.0,0.0,0.0,0.0,0.0,0.0,0.0,0.0,0.0,0.0,0.0,0.0,0.0,0.0,0.0,0.0,0.0,0.0,0.0,0.0,0.0,0.0,0.0,0.0,0.0
CF,Congo (Brazzaville),0.0,0.0,0.0,0.0,0.0,0.0,0.0,0.0,0.0,0.0,0.0,0.0,0.0,0.0,0.0,0.0,0.0,0.0,0.0,0.0,0.0,0.0,0.0,0.0,0.0,0.0,0.0,0.0,0.0,0.0,0.0,0.0,0.0,0.0,0.0,0.0,0.0,0.0,0.0,0.0,0.0,0.0,0.0,0.0,0.0,0.0,0.0,0.0,0.0,0.0,0.0,0.0,0.0,0.0,0.0,0.0,0.0,0.0,0.0,0.0,0.0,0.0,0.0,0.0,0.0
CG,Congo (Kinshasa),0.0,0.0,0.0,0.0,0.0,0.0,0.0,0.0,0.0,0.0,0.0,3.0,3.0,3.0,3.0,2.0,2.0,3.0,3.0,5.0,6.0,5.0,5.0,10.0,9.0,9.0,9.0,10.0,16.0,15.0,15.0,15.0,7.0,7.0,7.0,7.0,15.0,10.0,10.0,18.0,10.0,10.0,8.0,9.0,9.0,12.0,12.0,9.0,9.0,10.0,10.0,10.0,9.0,9.0,9.0,9.0,9.0,9.0,9.0,9.0,9.0,9.0,9.0,9.0,9.0
CH,China,20960.0,14250.0,16665.0,18475.0,20840.0,25220.0,25280.0,28485.0,27455.0,27285.0,29185.0,32575.0,35985.0,35225.0,40865.0,45310.0,50385.0,41075.0,53840.0,62730.0,55210.0,59640.0,68470.0,81390.0,87815.0,85810.0,90040.0,87764.0,85432.0,90807.0,98229.0,96000.0,101590.0,106390.0,99300.0,102215.0,110570.0,123289.0,109726.0,113880.0,99636.0,93873.0,90290.0,86489.0,91952.0,97445.0,108466.0,109492.0,112901.0,115796.0,116093.0,118570.0,122475.0,123639.0,128235.0,132555.0,133188.0,134241.0,131441.0,133600.0,134250.0,136946.0,137723.0,136590.0,140099.0
CI,Chile,,1031.0,970.0,1136.0,1159.0,1116.0,1346.0,1203.0,1220.0,1214.0,1307.0,1368.0,900.0,747.0,734.0,1003.0,866.0,1219.0,893.0,995.0,966.0,686.0,586.0,988.0,1165.0,1626.0,1874.0,1734.0,1766.0,1718.0,1589.0,1557.0,1322.0,1271.0,1372.0,1227.0,1564.0,1682.0,1197.0,1493.0,1780.0,1820.0,1797.0,1922.0,1852.0,1404.0,1105.0,1238.0,1145.0,1524.0,1576.0,1213.0,1475.0,1358.0,1482.0,1732.0,1349.0,1469.0,1400.0,1231.0,1354.0,1107.0,1290.0,1189.0,1200.0
CM,Cameroon,0.0,0.0,0.0,0.0,0.0,0.0,0.0,0.0,0.0,0.0,0.0,0.0,0.0,0.0,0.0,0.0,0.0,0.0,0.0,0.0,0.0,0.0,0.0,0.0,0.0,0.0,0.0,0.0,0.0,0.0,0.0,0.0,0.0,0.0,0.0,0.0,0.0,0.0,0.0,0.0,0.0,0.0,0.0,0.0,0.0,0.0,0.0,0.0,0.0,0.0,0.0,0.0,0.0,0.0,0.0,0.0,0.0,0.0,0.0,0.0,0.0,0.0,0.0,0.0,0.0
CO,Colombia,145.0,142.0,162.0,90.0,85.0,110.0,125.0,80.0,105.0,72.0,55.0,45.0,68.0,73.0,49.0,40.0,49.0,41.0,37.0,42.0,46.0,62.0,74.0,78.0,79.0,59.0,76.0,77.0,62.0,84.0,103.0,72.0,117.0,99.0,102.0,64.0,45.0,30.0,25.0,27.0,29.0,29.0,42.0,47.0,43.0,44.0,32.0,37.0,23.0,26.0,15.0,13.0,9.0,8.0,6.0,10.0,14.0,5.0,6.0,6.0,6.0,7.0,13.0,6.0,6.0
CS,Costa Rica,0.0,0.0,0.0,0.0,0.0,0.0,0.0,0.0,0.0,0.0,0.0,0.0,0.0,0.0,0.0,0.0,0.0,0.0,0.0,0.0,0.0,0.0,0.0,0.0,0.0,0.0,0.0,0.0,0.0,0.0,0.0,0.0,0.0,0.0,0.0,0.0,0.0,0.0,0.0,0.0,0.0,0.0,0.0,0.0,0.0,0.0,0.0,0.0,0.0,0.0,0.0,0.0,0.0,0.0,0.0,0.0,0.0,0.0,0.0,0.0,0.0,0.0,0.0,0.0,0.0
CU,Cuba,0.0,0.0,0.0,0.0,0.0,0.0,0.0,0.0,0.0,0.0,0.0,0.0,0.0,0.0,0.0,0.0,0.0,0.0,0.0,0.0,0.0,0.0,0.0,0.0,0.0,0.0,0.0,0.0,0.0,0.0,0.0,0.0,0.0,0.0,0.0,0.0,0.0,0.0,0.0,0.0,0.0,0.0,0.0,0.0,0.0,0.0,0.0,0.0,0.0,0.0,0.0,0.0,0.0,0.0,0.0,0.0,0.0,0.0,0.0,0.0,0.0,0.0,0.0,0.0,0.0
CY,Cyprus,41.0,46.0,67.0,64.0,46.0,92.0,56.0,97.0,67.0,80.0,44.0,97.0,83.0,10.0,115.0,48.0,60.0,39.0,43.0,21.0,21.0,19.0,19.0,17.0,17.0,17.0,10.0,14.0,28.0,10.0,5.0,7.0,11.0,12.0,8.0,11.0,13.0,12.0,12.0,,,,,,,,,,,,,,,,,,,,,,,,,,
CZ,Former Czechoslovakia,1503.0,1666.0,1644.0,1766.0,1829.0,1992.0,2247.0,2516.0,3153.0,3257.0,3174.0,3878.0,4017.0,4646.0,5059.0,4202.0,4807.0,5214.0,5601.0,3736.0,5386.0,4325.0,4606.0,5820.0,6170.0,6023.0,5305.0,6154.0,6547.0,6356.0,6707.0,6200.0,,,,,,,,,,,,,,,,,,,,,,,,,,,,,,,,,
DM,Benin,,,,,,,,,,,,,,,,,,,,,,,,,,,,,,,,,,,,,,,,,,,,,,,,,,,0.0,0.0,0.0,0.0,0.0,0.0,0.0,0.0,0.0,0.0,0.0,0.0,0.0,0.0,0.0
DR,Dominican Republic,0.0,0.0,0.0,0.0,0.0,0.0,0.0,0.0,0.0,0.0,0.0,0.0,0.0,0.0,0.0,0.0,0.0,0.0,0.0,0.0,0.0,0.0,0.0,0.0,0.0,0.0,0.0,0.0,0.0,0.0,0.0,0.0,0.0,0.0,0.0,0.0,0.0,0.0,0.0,0.0,0.0,0.0,0.0,0.0,0.0,0.0,0.0,0.0,0.0,0.0,0.0,0.0,0.0,0.0,0.0,0.0,0.0,0.0,0.0,0.0,0.0,0.0,0.0,0.0,0.0
E2,EU-15,37058.0,35133.0,45216.0,38355.0,44084.0,46854.0,41086.0,48902.0,49400.0,46839.0,45598.0,53231.0,53608.0,53278.0,59407.0,50844.0,52938.0,50296.0,61190.0,58376.0,67390.0,63372.0,70561.0,71028.0,90792.0,78959.0,79902.0,78776.0,81516.0,85667.0,89095.0,93709.0,87719.0,82930.0,84541.0,86161.0,98506.0,94181.0,103085.0,,,,,,,,,,,,,,,,,,,,,,,,,,
E4,European Union,,,,,,,,,,,,,,,,,,,,,,,,,,,,,,,,,,,,,,,,122999.0,132729.0,124153.0,133522.0,111418.0,147726.0,132856.0,125670.0,120833.0,151922.0,139720.0,136667.0,138182.0,133949.0,144583.0,156912.0,160480.0,130986.0,136681.0,123124.0,138799.0,126684.0,138479.0,134492.0,135095.0,121300.0
EC,Ecuador,58.0,78.0,67.0,55.0,51.0,55.0,57.0,60.0,68.0,70.0,66.0,60.0,50.0,44.0,54.0,51.0,20.0,34.0,24.0,24.0,21.0,27.0,22.0,23.0,21.0,19.0,18.0,18.0,20.0,20.0,29.0,24.0,22.0,20.0,20.0,20.0,28.0,20.0,20.0,19.0,13.0,14.0,9.0,11.0,10.0,8.0,8.0,9.0,8.0,11.0,8.0,6.0,7.0,6.0,7.0,2.0,7.0,6.0,5.0,5.0,15.0,11.0,7.0,4.0,8.0
EG,Egypt,1499.0,1436.0,1593.0,1493.0,1500.0,1272.0,1465.0,1299.0,1526.0,1277.0,1519.0,1729.0,1616.0,1837.0,1883.0,2033.0,1960.0,1697.0,1933.0,1856.0,1796.0,1938.0,2017.0,1996.0,1815.0,1873.0,1929.0,2443.0,2839.0,3183.0,4286.0,4482.0,4617.0,4780.0,4100.0,5700.0,5735.0,5850.0,6104.0,6350.0,6564.0,6255.0,6625.0,6845.0,7178.0,8141.0,8274.0,7379.0,7977.0,8523.0,7177.0,8371.0,8795.0,9461.0,9280.0,9608.0,9343.0,8421.0,8349.0,8559.0,9102.0,9842.0,9500.0,8870.0,9200.0
EN,Estonia,,,,,,,,,,,,,,,,,,,,,,,,,,,,50.0,19.0,44.0,65.0,62.0,89.0,106.0,57.0,77.0,101.0,111.0,118.0,,,,,,,,,,,,,,,,,,,,,,,,,,
ER,Eritrea,,,,,,,,,,,,,,,,,,,,,,,,,,,,,,,,,,5.0,15.0,10.0,8.0,5.0,23.0,20.0,11.0,36.0,3.0,4.0,9.0,22.0,22.0,27.0,5.0,26.0,33.0,23.0,23.0,30.0,30.0,25.0,25.0,25.0,25.0,25.0,25.0,25.0,25.0,25.0,25.0
ES,El Salvador,0.0,0.0,0.0,0.0,0.0,0.0,0.0,0.0,0.0,0.0,0.0,0.0,0.0,0.0,0.0,0.0,0.0,0.0,0.0,0.0,0.0,0.0,0.0,0.0,0.0,0.0,0.0,0.0,0.0,0.0,0.0,0.0,0.0,0.0,0.0,0.0,0.0,0.0,0.0,0.0,0.0,0.0,0.0,0.0,0.0,0.0,0.0,0.0,0.0,0.0,0.0,0.0,0.0,0.0,0.0,0.0,0.0,0.0,0.0,0.0,0.0,0.0,0.0,0.0,0.0
ET,Ethiopia,650.0,655.0,661.0,654.0,623.0,722.0,739.0,760.0,782.0,808.0,840.0,876.0,644.0,653.0,654.0,694.0,561.0,429.0,449.0,537.0,614.0,706.0,917.0,666.0,676.0,774.0,826.0,834.0,850.0,833.0,816.0,890.0,900.0,900.0,800.0,1550.0,1930.0,1225.0,1720.0,1900.0,1820.0,1830.0,1072.0,1614.0,2177.0,2219.0,2463.0,2314.0,2654.0,3076.0,2860.0,2916.0,3435.0,3925.0,4232.0,4651.0,4538.0,4642.0,4838.0,5315.0,5479.0,5800.0,5800.0,5800.0,6000.0
EZ,Czech Republic,,,,,,,,,,,,,,,,,,,,,,,,,,,,,,,,,3413.0,3370.0,3897.0,3823.0,3727.0,3640.0,3845.0,,,,,,,,,,,,,,,,,,,,,,,,,,
FJ,Fiji,,,,0.0,0.0,0.0,0.0,0.0,0.0,0.0,0.0,0.0,0.0,0.0,0.0,0.0,0.0,0.0,0.0,0.0,0.0,0.0,0.0,0.0,0.0,0.0,0.0,0.0,0.0,0.0,0.0,0.0,0.0,0.0,0.0,0.0,0.0,0.0,0.0,0.0,0.0,0.0,0.0,0.0,0.0,0.0,0.0,0.0,0.0,0.0,0.0,0.0,0.0,0.0,0.0,0.0,0.0,0.0,0.0,0.0,0.0,0.0,0.0,0.0,0.0
GB,Gabon,0.0,0.0,0.0,0.0,0.0,0.0,0.0,0.0,0.0,0.0,0.0,0.0,,,,,0.0,0.0,0.0,0.0,0.0,0.0,0.0,0.0,0.0,0.0,0.0,0.0,0.0,0.0,0.0,0.0,0.0,0.0,0.0,0.0,0.0,0.0,0.0,0.0,0.0,0.0,0.0,0.0,0.0,0.0,0.0,0.0,0.0,0.0,0.0,0.0,0.0,0.0,0.0,0.0,0.0,0.0,0.0,0.0,0.0,0.0,0.0,0.0,0.0
GG,Georgia,,,,,,,,,,,,,,,,,,,,,,,,,,,,189.0,229.0,100.0,258.0,210.0,191.0,114.0,89.0,76.0,107.0,292.0,145.0,226.0,90.0,300.0,200.0,225.0,185.0,190.0,70.0,75.0,80.0,54.0,48.0,97.0,81.0,81.0,48.0,126.0,127.0,98.0,107.0,101.0,102.0,136.0,157.0,147.0,150.0
GH,Ghana,0.0,0.0,0.0,0.0,0.0,0.0,0.0,0.0,0.0,0.0,0.0,0.0,0.0,0.0,0.0,0.0,0.0,0.0,0.0,0.0,0.0,0.0,0.0,0.0,0.0,0.0,0.0,0.0,0.0,0.0,0.0,0.0,0.0,0.0,0.0,0.0,0.0,0.0,0.0,0.0,0.0,0.0,0.0,0.0,0.0,0.0,0.0,0.0,0.0,0.0,0.0,0.0,0.0,0.0,0.0,0.0,0.0,0.0,0.0,0.0,0.0,0.0,0.0,0.0,0.0
GT,Guatemala,21.0,25.0,32.0,36.0,36.0,27.0,30.0,32.0,33.0,33.0,31.0,33.0,44.0,30.0,30.0,40.0,49.0,49.0,55.0,40.0,42.0,41.0,41.0,54.0,44.0,53.0,46.0,46.0,51.0,34.0,23.0,23.0,32.0,25.0,22.0,10.0,7.0,6.0,5.0,5.0,5.0,1.0,1.0,1.0,1.0,1.0,2.0,2.0,2.0,2.0,1.0,1.0,2.0,2.0,2.0,1.0,1.0,1.0,1.0,1.0,1.0,0.0,0.0,0.0,0.0
GU,Guinea,0.0,0.0,,0.0,,0.0,0.0,0.0,0.0,0.0,0.0,0.0,0.0,0.0,0.0,0.0,0.0,0.0,0.0,0.0,0.0,0.0,0.0,0.0,0.0,0.0,0.0,0.0,0.0,0.0,0.0,0.0,0.0,0.0,0.0,0.0,0.0,0.0,0.0,0.0,0.0,0.0,0.0,0.0,0.0,0.0,0.0,0.0,0.0,0.0,0.0,0.0,0.0,0.0,0.0,0.0,0.0,0.0,0.0,0.0,0.0,0.0,0.0,0.0,0.0
GY,Guyana,0.0,0.0,0.0,0.0,0.0,0.0,0.0,0.0,0.0,0.0,0.0,0.0,0.0,0.0,0.0,0.0,0.0,0.0,0.0,0.0,0.0,0.0,,0.0,,0.0,0.0,0.0,0.0,0.0,0.0,0.0,0.0,0.0,0.0,0.0,0.0,0.0,0.0,0.0,0.0,0.0,0.0,0.0,0.0,0.0,0.0,0.0,0.0,0.0,0.0,0.0,0.0,0.0,0.0,0.0,0.0,0.0,0.0,0.0,0.0,0.0,0.0,0.0,0.0
HA,Haiti,0.0,0.0,0.0,0.0,0.0,0.0,0.0,0.0,0.0,0.0,0.0,0.0,0.0,0.0,0.0,0.0,0.0,0.0,0.0,0.0,0.0,0.0,0.0,0.0,0.0,0.0,0.0,0.0,0.0,0.0,0.0,0.0,0.0,0.0,0.0,0.0,0.0,0.0,0.0,0.0,0.0,0.0,0.0,0.0,0.0,0.0,0.0,0.0,0.0,0.0,0.0,0.0,0.0,0.0,0.0,0.0,0.0,0.0,0.0,0.0,0.0,0.0,0.0,0.0,0.0
HK,Hong Kong,0.0,0.0,0.0,0.0,0.0,0.0,0.0,0.0,0.0,0.0,0.0,0.0,0.0,0.0,0.0,0.0,0.0,0.0,0.0,0.0,0.0,0.0,0.0,0.0,0.0,0.0,0.0,0.0,0.0,0.0,0.0,0.0,0.0,0.0,0.0,0.0,0.0,0.0,0.0,0.0,0.0,0.0,0.0,0.0,0.0,0.0,0.0,0.0,0.0,0.0,0.0,0.0,0.0,0.0,0.0,0.0,0.0,0.0,0.0,0.0,0.0,0.0,0.0,0.0,0.0
HO,Honduras,0.0,0.0,0.0,0.0,0.0,0.0,0.0,0.0,0.0,0.0,1.0,1.0,1.0,1.0,1.0,1.0,1.0,1.0,0.0,0.0,0.0,0.0,0.0,0.0,0.0,0.0,0.0,0.0,0.0,0.0,0.0,0.0,0.0,0.0,0.0,0.0,0.0,0.0,0.0,0.0,0.0,0.0,0.0,0.0,0.0,0.0,0.0,0.0,0.0,0.0,0.0,0.0,0.0,0.0,0.0,0.0,0.0,0.0,0.0,0.0,0.0,0.0,0.0,0.0,0.0
HR,Croatia,,,,,,,,,,,,,,,,,,,,,,,,,,,,,,,,,658.0,887.0,750.0,877.0,741.0,834.0,1074.0,,,,,,,,,,,,,,,,,,,,,,,,,,
HU,Hungary,1768.0,1936.0,1959.0,1523.0,2059.0,2358.0,2350.0,3022.0,3361.0,3579.0,2718.0,3915.0,4089.0,4498.0,4968.0,4005.0,5143.0,5315.0,5673.0,3703.0,6077.0,4614.0,5751.0,5968.0,7367.0,6578.0,5793.0,5748.0,6975.0,6509.0,6161.0,6008.0,3444.0,3020.0,4860.0,4600.0,3900.0,5270.0,5000.0,,,,,,,,,,,,,,,,,,,,,,,,,,
ID,Indonesia,0.0,0.0,0.0,0.0,0.0,0.0,0.0,0.0,0.0,0.0,0.0,0.0,0.0,0.0,0.0,0.0,0.0,0.0,0.0,0.0,0.0,0.0,0.0,0.0,0.0,0.0,0.0,0.0,0.0,0.0,0.0,0.0,0.0,0.0,0.0,0.0,0.0,0.0,0.0,0.0,0.0,0.0,0.0,0.0,0.0,0.0,0.0,0.0,0.0,0.0,0.0,0.0,0.0,0.0,0.0,0.0,0.0,0.0,0.0,0.0,0.0,0.0,0.0,0.0,0.0
IN,India,10320.0,10995.0,12076.0,10779.0,9854.0,12258.0,10394.0,11393.0,16540.0,18651.0,20093.0,23832.0,26410.0,24735.0,21778.0,24104.0,28846.0,29010.0,31749.0,35508.0,31830.0,36313.0,37452.0,42794.0,45476.0,44069.0,47052.0,44323.0,46169.0,54110.0,49850.0,55134.0,55690.0,57210.0,59840.0,65470.0,62097.0,69350.0,66350.0,71288.0,76369.0,69681.0,72766.0,65761.0,72156.0,68637.0,69355.0,75807.0,78570.0,80679.0,80804.0,86874.0,94882.0,93506.0,95850.0,86527.0,87000.0,98510.0,99870.0,103600.0,107860.0,109586.0,104000.0,110554.0,113292.0
IR,Iran,2600.0,2800.0,2700.0,3000.0,2600.0,2900.0,4380.0,3800.0,4200.0,3900.0,3800.0,3300.0,4550.0,4600.0,4700.0,5575.0,5500.0,5025.0,5525.0,6050.0,5925.0,6675.0,6675.0,5875.0,6200.0,6625.0,7550.0,7600.0,7260.0,6010.0,8012.0,8793.0,10179.0,10732.0,10870.0,11228.0,10015.0,10045.0,11955.0,8673.0,8088.0,9459.0,12450.0,13440.0,14568.0,14308.0,14664.0,15887.0,7957.0,13485.0,13500.0,12400.0,13800.0,14000.0,13000.0,14500.0,14500.0,12700.0,14500.0,15550.0,15000.0,12000.0,13200.0,14000.0,14500.0
IS,Israel,41.0,66.0,52.0,55.0,127.0,150.0,101.0,222.0,175.0,156.0,125.0,200.0,301.0,242.0,274.0,243.0,206.0,220.0,169.0,133.0,253.0,215.0,147.0,335.0,130.0,128.0,169.0,298.0,211.0,202.0,291.0,180.0,254.0,217.0,103.0,242.0,185.0,116.0,155.0,29.0,81.0,145.0,163.0,184.0,154.0,201.0,131.0,159.0,76.0,133.0,112.0,122.0,190.0,178.0,126.0,157.0,168.0,72.0,71.0,86.0,117.0,105.0,142.0,136.0,120.0
IV,Cote d'Ivoire,0.0,0.0,0.0,0.0,0.0,0.0,0.0,0.0,0.0,0.0,0.0,0.0,0.0,0.0,0.0,0.0,0.0,0.0,0.0,0.0,0.0,0.0,0.0,0.0,0.0,0.0,0.0,0.0,0.0,0.0,0.0,0.0,0.0,0.0,0.0,0.0,0.0,0.0,0.0,0.0,0.0,0.0,0.0,0.0,0.0,0.0,0.0,0.0,0.0,0.0,0.0,0.0,0.0,0.0,0.0,0.0,0.0,0.0,0.0,0.0,0.0,0.0,0.0,0.0,0.0
IZ,Iraq,592.0,896.0,1104.0,580.0,885.0,1036.0,832.0,1029.0,1537.0,1183.0,1236.0,822.0,2625.0,957.0,1339.0,845.0,1312.0,696.0,910.0,685.0,976.0,902.0,965.0,841.0,471.0,1406.0,1036.0,974.0,1123.0,614.0,1481.0,1994.0,1622.0,1410.0,1465.0,1748.0,1463.0,1262.0,1831.0,1215.0,1292.0,2262.0,2983.0,2898.0,2154.0,2528.0,2678.0,2428.0,1305.0,1975.0,2875.0,2574.0,2100.0,3300.0,3500.0,4410.0,4225.0,4000.0,3000.0,4800.0,4635.0,3500.0,3200.0,5200.0,6000.0
JA,Japan,1531.0,1781.0,1631.0,716.0,1244.0,1287.0,1024.0,997.0,1012.0,758.0,474.0,440.0,284.0,202.0,232.0,241.0,222.0,236.0,366.0,541.0,583.0,587.0,742.0,695.0,741.0,874.0,876.0,864.0,1021.0,985.0,952.0,759.0,759.0,638.0,565.0,444.0,478.0,573.0,570.0,583.0,688.0,700.0,828.0,855.0,860.0,875.0,837.0,969.0,964.0,817.0,688.0,867.0,910.0,903.0,903.0,1058.0,891.0,972.0,860.0,995.0,1000.0,1130.0,1057.0,1145.0,1080.0
JM,Jamaica,0.0,0.0,0.0,0.0,0.0,0.0,0.0,0.0,0.0,0.0,0.0,0.0,0.0,0.0,0.0,0.0,0.0,0.0,0.0,0.0,0.0,0.0,0.0,0.0,0.0,0.0,0.0,0.0,0.0,0.0,0.0,0.0,0.0,0.0,0.0,0.0,0.0,0.0,0.0,0.0,0.0,0.0,0.0,0.0,0.0,0.0,0.0,0.0,0.0,0.0,0.0,0.0,0.0,0.0,0.0,0.0,0.0,0.0,0.0,0.0,0.0,0.0,0.0,0.0,0.0
JO,Jordan,44.0,138.0,112.0,76.0,295.0,278.0,101.0,226.0,113.0,183.0,77.0,206.0,256.0,86.0,245.0,50.0,68.0,63.0,53.0,16.0,134.0,51.0,52.0,131.0,37.0,63.0,40.0,80.0,79.0,55.0,83.0,62.0,75.0,77.0,57.0,58.0,43.0,42.0,36.0,9.0,25.0,19.0,44.0,43.0,13.0,34.0,23.0,21.0,8.0,12.0,22.0,20.0,19.0,15.0,20.0,25.0,25.0,20.0,25.0,25.0,24.0,28.0,30.0,30.0,32.0
KE,Kenya,109.0,84.0,110.0,135.0,172.0,128.0,162.0,216.0,242.0,222.0,206.0,164.0,150.0,149.0,158.0,176.0,180.0,144.0,155.0,120.0,189.0,235.0,253.0,205.0,95.0,240.0,245.0,220.0,245.0,235.0,196.0,220.0,200.0,150.0,234.0,297.0,288.0,250.0,315.0,135.0,105.0,230.0,300.0,196.0,197.0,225.0,300.0,225.0,219.0,512.0,256.0,268.0,442.0,450.0,229.0,239.0,215.0,165.0,337.0,366.0,405.0,349.0,369.0,310.0,310.0
KG,Kyrgyzstan,,,,,,,,,,,,,,,,,,,,,,,,,,,,709.0,548.0,581.0,482.0,434.0,634.0,831.0,566.0,625.0,964.0,1274.0,1204.0,1109.0,1039.0,1191.0,1306.0,1100.0,1000.0,950.0,890.0,709.0,746.0,1057.0,813.0,800.0,541.0,819.0,573.0,705.0,662.0,601.0,616.0,601.0,629.0,363.0,593.0,440.0,750.0
KN,"Korea, North",79.0,85.0,87.0,94.0,98.0,88.0,96.0,91.0,87.0,88.0,88.0,91.0,87.0,98.0,102.0,106.0,108.0,115.0,111.0,115.0,99.0,114.0,121.0,124.0,132.0,127.0,143.0,133.0,128.0,129.0,116.0,135.0,123.0,123.0,125.0,75.0,75.0,75.0,100.0,250.0,150.0,190.0,195.0,215.0,260.0,250.0,230.0,264.0,240.0,240.0,220.0,150.0,100.0,105.0,95.0,40.0,65.0,65.0,65.0,65.0,65.0,65.0,65.0,65.0,65.0
KS,"Korea, South",159.0,172.0,164.0,139.0,190.0,184.0,193.0,211.0,224.0,219.0,196.0,149.0,100.0,74.0,97.0,82.0,45.0,36.0,42.0,42.0,92.0,57.0,66.0,112.0,17.0,11.0,5.0,4.0,2.0,1.0,1.0,1.0,1.0,1.0,2.0,10.0,11.0,5.0,5.0,6.0,2.0,3.0,6.0,10.0,13.0,8.0,6.0,7.0,10.0,19.0,39.0,44.0,37.0,19.0,23.0,26.0,39.0,37.0,26.0,15.0,17.0,26.0,35.0,52.0,60.0
KU,Kuwait,0.0,0.0,0.0,0.0,0.0,0.0,0.0,0.0,0.0,0.0,0.0,0.0,0.0,0.0,0.0,0.0,0.0,0.0,0.0,0.0,0.0,0.0,0.0,0.0,0.0,0.0,0.0,0.0,0.0,0.0,0.0,0.0,0.0,0.0,0.0,0.0,0.0,0.0,0.0,0.0,0.0,0.0,0.0,0.0,0.0,0.0,0.0,0.0,0.0,0.0,0.0,0.0,0.0,0.0,0.0,0.0,0.0,0.0,0.0,0.0,0.0,0.0,0.0,0.0,0.0
KZ,Kazakhstan,,,,,,,,,,,,,,,,,,,,,,,,,,,,16108.0,12162.0,10783.0,16197.0,6889.0,18285.0,11659.0,9052.0,6490.0,7700.0,8950.0,4700.0,11242.0,9070.0,12704.0,12700.0,11537.0,9937.0,11197.0,13460.0,16466.0,12538.0,17051.0,9638.0,22732.0,9841.0,13941.0,12996.0,13748.0,14985.0,14802.0,13947.0,11452.0,14256.0,11814.0,16404.0,12111.0,18577.0
LE,Lebanon,40.0,68.0,75.0,60.0,60.0,55.0,70.0,68.0,48.0,33.0,43.0,41.0,64.0,55.0,76.0,50.0,40.0,50.0,45.0,40.0,35.0,22.0,15.0,15.0,15.0,15.0,17.0,49.0,51.0,56.0,52.0,59.0,62.0,55.0,53.0,60.0,58.0,58.0,81.0,73.0,108.0,140.0,119.0,116.0,137.0,144.0,153.0,116.0,144.0,153.0,83.0,125.0,150.0,140.0,140.0,139.0,140.0,130.0,130.0,140.0,140.0,145.0,135.0,140.0,140.0
LG,Latvia,,,,,,,,,,,,,,,,,,,,,,,,,,,,296.0,270.0,360.0,372.0,190.0,333.0,338.0,200.0,245.0,358.0,395.0,385.0,,,,,,,,,,,,,,,,,,,,,,,,,,
LH,Lithuania,,,,,,,,,,,,,,,,,,,,,,,,,,,,749.0,858.0,1151.0,1184.0,855.0,834.0,891.0,549.0,637.0,936.0,1127.0,1031.0,,,,,,,,,,,,,,,,,,,,,,,,,,
LI,Liberia,,,,,,,,,,,,,,,,,0.0,0.0,0.0,0.0,0.0,0.0,0.0,0.0,0.0,0.0,0.0,0.0,0.0,0.0,0.0,0.0,0.0,0.0,0.0,0.0,0.0,0.0,0.0,0.0,0.0,0.0,0.0,0.0,0.0,0.0,0.0,0.0,0.0,0.0,0.0,0.0,0.0,0.0,0.0,0.0,0.0,0.0,0.0,0.0,0.0,0.0,0.0,0.0,0.0
LO,Slovakia,,,,,,,,,,,,,,,,,,,,,,,,,,,,,,,,,1697.0,1530.0,2145.0,1938.0,1713.0,1886.0,1789.0,,,,,,,,,,,,,,,,,,,,,,,,,,
LT,Lesotho,58.0,58.0,55.0,55.0,55.0,55.0,55.0,55.0,58.0,54.0,60.0,58.0,21.0,57.0,50.0,51.0,61.0,50.0,58.0,34.0,28.0,17.0,14.0,17.0,18.0,11.0,19.0,19.0,19.0,20.0,10.0,20.0,9.0,8.0,20.0,30.0,30.0,35.0,30.0,15.0,23.0,18.0,15.0,13.0,12.0,11.0,6.0,5.0,4.0,7.0,20.0,20.0,11.0,13.0,13.0,7.0,5.0,9.0,7.0,1.0,2.0,6.0,6.0,6.0,6.0
LY,Libya,34.0,30.0,34.0,34.0,28.0,57.0,58.0,62.0,52.0,45.0,70.0,85.0,113.0,135.0,178.0,111.0,130.0,60.0,98.0,110.0,141.0,123.0,160.0,120.0,125.0,125.0,150.0,190.0,135.0,145.0,155.0,180.0,150.0,150.0,160.0,150.0,130.0,160.0,160.0,160.0,125.0,125.0,125.0,125.0,125.0,125.0,104.0,104.0,104.0,105.0,106.0,166.0,200.0,200.0,200.0,200.0,200.0,200.0,200.0,200.0,200.0,200.0,200.0,200.0,200.0
MA,Madagascar,0.0,0.0,0.0,0.0,0.0,0.0,0.0,0.0,0.0,0.0,0.0,0.0,0.0,0.0,0.0,0.0,0.0,0.0,0.0,0.0,0.0,0.0,0.0,0.0,0.0,0.0,0.0,0.0,0.0,0.0,0.0,0.0,0.0,0.0,0.0,0.0,0.0,0.0,0.0,0.0,0.0,0.0,0.0,0.0,0.0,0.0,0.0,0.0,0.0,0.0,0.0,0.0,0.0,0.0,0.0,0.0,0.0,0.0,0.0,0.0,0.0,0.0,0.0,0.0,0.0
MD,Moldova,,,,,,,,,,,,,,,,,,,,,,,,,,,,712.0,1027.0,1130.0,1129.0,1057.0,926.0,1393.0,659.0,1277.0,784.0,1227.0,1000.0,785.0,725.0,1181.0,1113.0,101.0,861.0,1057.0,691.0,407.0,1286.0,737.0,744.0,795.0,495.0,1007.0,1102.0,922.0,1293.0,1251.0,1163.0,1148.0,570.0,1565.0,855.0,1555.0,1250.0
MG,Mongolia,,98.0,288.0,291.0,335.0,291.0,227.0,289.0,188.0,114.0,250.0,316.0,170.0,340.0,250.0,366.0,280.0,318.0,400.0,350.0,207.0,275.0,290.0,300.0,460.0,689.0,664.0,543.0,635.0,650.0,600.0,600.0,490.0,480.0,330.0,260.0,220.0,220.0,190.0,168.0,139.0,139.0,123.0,160.0,136.0,74.0,128.0,110.0,210.0,388.0,346.0,436.0,465.0,368.0,488.0,204.0,467.0,231.0,436.0,411.0,406.0,566.0,402.0,443.0,397.0
MI,Malawi,,,,,,,,,,,,,,,,,,,,,,,,,,,,,,,,,,,,,,,,,,,,,,,,,,,2.0,2.0,2.0,2.0,1.0,1.0,1.0,1.0,1.0,1.0,1.0,1.0,1.0,1.0,1.0
MK,North Macedonia,,,,,,,,,,,,,,,,,,,,,,,,,,,,,,,,,300.0,250.0,336.0,381.0,269.0,294.0,336.0,330.0,299.0,246.0,267.0,225.0,357.0,334.0,293.0,218.0,292.0,271.0,243.0,256.0,215.0,259.0,288.0,201.0,306.0,200.0,241.0,240.0,246.0,244.0,225.0,240.0,245.0
ML,Mali,,,,,,,,,,,,,,,,,,,,,,,,,,,,,,,0.0,,,,,,,,,,,,,,,,,,,,24.0,34.0,40.0,27.0,46.0,36.0,40.0,28.0,29.0,8.0,37.0,21.0,22.0,39.0,28.0
MO,Morocco,924.0,607.0,1256.0,1196.0,1196.0,1316.0,1149.0,1286.0,2777.0,1594.0,1801.0,2189.0,2160.0,1574.0,1853.0,1575.0,2188.0,1288.0,1877.0,1797.0,1811.0,892.0,2183.0,1971.0,1989.0,2050.0,3809.0,2427.0,4019.0,3927.0,3614.0,4939.0,1562.0,1573.0,5523.0,1100.0,5916.0,2317.0,4378.0,2154.0,1381.0,3316.0,3359.0,5147.0,5540.0,3043.0,6326.0,1582.0,3769.0,6371.0,4876.0,6018.0,3878.0,6934.0,5116.0,8075.0,2731.0,7091.0,7342.0,4025.0,2562.0,7544.0,2708.0,4158.0,2460.0
MP,Mauritius,0.0,0.0,0.0,0.0,0.0,0.0,0.0,0.0,0.0,0.0,0.0,0.0,0.0,0.0,0.0,0.0,0.0,0.0,0.0,0.0,0.0,0.0,0.0,0.0,0.0,0.0,0.0,0.0,0.0,0.0,0.0,0.0,0.0,0.0,0.0,0.0,0.0,0.0,0.0,0.0,0.0,0.0,0.0,0.0,0.0,0.0,0.0,0.0,0.0,0.0,0.0,0.0,0.0,0.0,0.0,0.0,0.0,0.0,0.0,0.0,0.0,0.0,0.0,0.0,0.0
MR,Mauritania,,0.0,0.0,0.0,0.0,0.0,0.0,0.0,0.0,0.0,0.0,0.0,0.0,0.0,0.0,0.0,0.0,0.0,0.0,0.0,0.0,0.0,0.0,0.0,0.0,0.0,0.0,0.0,0.0,0.0,0.0,0.0,0.0,0.0,0.0,0.0,0.0,0.0,0.0,0.0,0.0,0.0,0.0,0.0,0.0,0.0,0.0,0.0,0.0,0.0,0.0,0.0,0.0,0.0,0.0,0.0,0.0,0.0,0.0,0.0,0.0,0.0,0.0,0.0,0.0
MT,Malta,3.0,3.0,3.0,3.0,3.0,3.0,2.0,2.0,1.0,2.0,2.0,2.0,2.0,2.0,2.0,2.0,3.0,3.0,3.0,3.0,3.0,3.0,3.0,3.0,3.0,3.0,3.0,3.0,3.0,3.0,3.0,3.0,3.0,3.0,3.0,3.0,5.0,5.0,5.0,,,,,,,,,,,,,,,,,,,,,,,,,,
MU,Oman,,,,,,,,,,,,,,,,,,,,,,0.0,0.0,0.0,0.0,0.0,0.0,0.0,0.0,0.0,0.0,0.0,0.0,0.0,0.0,0.0,0.0,0.0,0.0,0.0,0.0,0.0,0.0,0.0,0.0,0.0,0.0,0.0,0.0,0.0,0.0,0.0,0.0,0.0,0.0,0.0,0.0,0.0,0.0,0.0,0.0,0.0,0.0,0.0,0.0
MX,Mexico,1190.0,1402.0,1455.0,1703.0,1800.0,2088.0,1612.0,2061.0,1780.0,1915.0,2148.0,2019.0,1700.0,2000.0,2400.0,2900.0,3350.0,2300.0,2350.0,2280.0,2650.0,3050.0,4200.0,3200.0,4200.0,4400.0,4500.0,3700.0,3200.0,4000.0,3930.0,4061.0,3621.0,3582.0,4151.0,3468.0,3107.0,3639.0,3235.0,3050.0,3400.0,3270.0,3230.0,2700.0,2420.0,3020.0,3240.0,3593.0,4214.0,4116.0,3677.0,3628.0,3274.0,3357.0,3670.0,3711.0,3863.0,3504.0,2943.0,3244.0,2987.0,3284.0,3611.0,3476.0,2600.0
MY,Malaysia,0.0,0.0,0.0,0.0,0.0,0.0,0.0,0.0,0.0,0.0,0.0,0.0,0.0,0.0,0.0,0.0,0.0,0.0,0.0,0.0,0.0,0.0,0.0,0.0,0.0,0.0,0.0,0.0,0.0,0.0,0.0,0.0,0.0,0.0,0.0,0.0,0.0,0.0,0.0,0.0,0.0,0.0,0.0,0.0,0.0,0.0,0.0,0.0,0.0,0.0,0.0,0.0,0.0,0.0,0.0,0.0,0.0,0.0,0.0,0.0,0.0,0.0,0.0,0.0,0.0
MZ,Mozambique,10.0,9.0,6.0,14.0,8.0,10.0,11.0,7.0,9.0,5.0,9.0,13.0,4.0,6.0,6.0,3.0,3.0,2.0,3.0,3.0,3.0,3.0,3.0,2.0,3.0,3.0,3.0,3.0,2.0,2.0,5.0,2.0,3.0,3.0,3.0,3.0,3.0,2.0,2.0,2.0,1.0,1.0,1.0,3.0,3.0,3.0,3.0,3.0,3.0,15.0,18.0,20.0,18.0,20.0,21.0,20.0,17.0,17.0,17.0,18.0,15.0,15.0,16.0,16.0,5.0
NG,Niger,,,,,,,,,,,,,,,,,,,,,,,0.0,0.0,0.0,0.0,0.0,0.0,0.0,0.0,0.0,0.0,0.0,0.0,0.0,0.0,0.0,0.0,0.0,0.0,0.0,0.0,0.0,0.0,0.0,0.0,0.0,0.0,0.0,0.0,0.0,0.0,0.0,0.0,0.0,0.0,0.0,0.0,0.0,0.0,0.0,0.0,0.0,0.0,0.0
NI,Nigeria,0.0,0.0,0.0,0.0,0.0,0.0,0.0,0.0,5.0,6.0,6.0,7.0,6.0,4.0,6.0,18.0,20.0,21.0,22.0,23.0,24.0,25.0,30.0,35.0,42.0,10.0,15.0,30.0,50.0,60.0,50.0,60.0,40.0,30.0,30.0,50.0,35.0,20.0,40.0,45.0,45.0,50.0,75.0,60.0,70.0,85.0,100.0,100.0,100.0,100.0,100.0,165.0,100.0,80.0,91.0,60.0,60.0,83.0,88.0,87.0,55.0,90.0,110.0,120.0,120.0
NO,Norway,23.0,27.0,20.0,18.0,20.0,12.0,4.0,11.0,16.0,11.0,12.0,10.0,12.0,20.0,62.0,48.0,63.0,78.0,80.0,67.0,65.0,58.0,75.0,97.0,170.0,170.0,158.0,230.0,131.0,157.0,237.0,257.0,195.0,325.0,230.0,312.0,266.0,256.0,323.0,230.0,313.0,259.0,262.0,350.0,407.0,395.0,357.0,401.0,453.0,278.0,331.0,285.0,275.0,213.0,390.0,495.0,309.0,401.0,138.0,450.0,323.0,265.0,384.0,420.0,420.0
NP,Nepal,125.0,135.0,138.0,138.0,139.0,126.0,147.0,159.0,205.0,223.0,265.0,193.0,223.0,225.0,225.0,387.0,362.0,411.0,415.0,440.0,477.0,526.0,657.0,634.0,534.0,598.0,701.0,701.0,745.0,830.0,836.0,762.0,765.0,899.0,942.0,1013.0,1072.0,1030.0,1086.0,1184.0,1158.0,1258.0,1344.0,1387.0,1442.0,1394.0,1515.0,1572.0,1344.0,1557.0,1746.0,1846.0,1882.0,1883.0,1976.0,1737.0,1879.0,1973.0,2006.0,2185.0,2127.0,2145.0,2145.0,2090.0,2100.0
NU,Nicaragua,0.0,0.0,0.0,0.0,0.0,0.0,0.0,0.0,0.0,0.0,0.0,0.0,0.0,0.0,0.0,0.0,0.0,0.0,0.0,0.0,0.0,0.0,0.0,0.0,0.0,0.0,0.0,0.0,0.0,0.0,0.0,0.0,0.0,0.0,0.0,0.0,0.0,0.0,0.0,0.0,0.0,0.0,0.0,0.0,0.0,0.0,0.0,0.0,0.0,0.0,0.0,0.0,0.0,0.0,0.0,0.0,0.0,0.0,0.0,0.0,0.0,0.0,0.0,0.0,0.0
NZ,New Zealand,253.0,213.0,249.0,274.0,250.0,292.0,348.0,442.0,457.0,287.0,326.0,384.0,376.0,215.0,180.0,388.0,354.0,329.0,295.0,306.0,326.0,292.0,301.0,308.0,314.0,298.0,379.0,336.0,228.0,135.0,181.0,191.0,219.0,242.0,245.0,255.0,320.0,295.0,275.0,320.0,326.0,364.0,302.0,319.0,256.0,319.0,262.0,344.0,343.0,404.0,445.0,383.0,489.0,448.0,414.0,414.0,459.0,405.0,371.0,398.0,454.0,423.0,403.0,392.0,444.0
PA,Paraguay,9.0,7.0,7.0,9.0,7.0,7.0,9.0,25.0,32.0,31.0,48.0,55.0,18.0,23.0,28.0,18.0,28.0,28.0,38.0,59.0,46.0,54.0,70.0,140.0,184.0,185.0,234.0,270.0,312.0,375.0,300.0,250.0,330.0,425.0,375.0,210.0,400.0,229.0,180.0,220.0,359.0,538.0,715.0,800.0,620.0,800.0,800.0,1067.0,1402.0,1443.0,1209.0,1240.0,1500.0,700.0,1514.0,1194.0,1285.0,722.0,1358.0,1303.0,928.0,973.0,851.0,1078.0,1300.0
PE,Peru,153.0,154.0,153.0,153.0,143.0,147.0,145.0,152.0,119.0,137.0,125.0,122.0,140.0,149.0,150.0,143.0,148.0,130.0,90.0,102.0,77.0,119.0,100.0,76.0,84.0,92.0,118.0,131.0,153.0,159.0,95.0,105.0,87.0,110.0,130.0,120.0,138.0,120.0,145.0,167.0,182.0,187.0,195.0,178.0,178.0,188.0,183.0,182.0,207.0,227.0,219.0,220.0,230.0,227.0,214.0,212.0,189.0,190.0,197.0,191.0,177.0,212.0,207.0,200.0,205.0
PK,Pakistan,3909.0,3814.0,4027.0,4170.0,4162.0,4591.0,3916.0,4334.0,6418.0,6618.0,7294.0,6476.0,6890.0,7800.0,7800.0,7674.0,8690.0,9143.0,8367.0,9950.0,10857.0,11473.0,11304.0,12414.0,10882.0,11703.0,13922.0,12020.0,12675.0,14419.0,14429.0,14565.0,15684.0,16157.0,15212.0,17002.0,16907.0,16651.0,18694.0,17858.0,21079.0,19024.0,18227.0,19183.0,19500.0,21612.0,21277.0,23295.0,20959.0,24033.0,23311.0,25214.0,23473.0,24211.0,25979.0,25086.0,25633.0,26674.0,25076.0,24349.0,25248.0,27464.0,26209.0,28161.0,31583.0
PL,Poland,2303.0,2792.0,2700.0,3067.0,3042.0,3338.0,3556.0,3857.0,4567.0,4710.0,4608.0,5456.0,5147.0,5807.0,6409.0,5207.0,5745.0,5308.0,6029.0,4187.0,4176.0,4203.0,4476.0,5165.0,6010.0,6461.0,7502.0,7942.0,7582.0,8462.0,9026.0,9270.0,7368.0,8242.0,7659.0,8668.0,8579.0,8193.0,9537.0,,,,,,,,,,,,,,,,,,,,,,,,,,
PN,Panama,0.0,0.0,0.0,0.0,0.0,0.0,0.0,0.0,0.0,0.0,0.0,0.0,0.0,0.0,0.0,0.0,0.0,0.0,0.0,0.0,0.0,0.0,0.0,0.0,0.0,0.0,0.0,0.0,0.0,0.0,0.0,0.0,0.0,0.0,0.0,0.0,0.0,0.0,0.0,0.0,0.0,0.0,0.0,0.0,0.0,0.0,0.0,0.0,0.0,0.0,0.0,0.0,0.0,0.0,0.0,0.0,0.0,0.0,0.0,0.0,0.0,0.0,0.0,0.0,0.0
PP,Papua New Guinea,,,,,,,,,,,,,,,,,,,,,,,0.0,0.0,0.0,0.0,0.0,0.0,0.0,0.0,0.0,0.0,0.0,0.0,0.0,0.0,0.0,0.0,0.0,0.0,0.0,0.0,0.0,0.0,0.0,0.0,0.0,0.0,0.0,0.0,0.0,0.0,0.0,0.0,0.0,0.0,0.0,0.0,0.0,0.0,0.0,0.0,0.0,0.0,0.0
RB,Serbia,,,,,,,,,,,,,,,,,,,,,,,,,,,,,,,,,,,,,,,,,,,,,,,1876.0,1994.0,2119.0,2130.0,1650.0,2000.0,1900.0,2731.0,2400.0,2600.0,3000.0,2300.0,2942.0,2535.0,2874.0,3400.0,3300.0,3400.0,3000.0
RH,Zimbabwe,1.0,1.0,1.0,2.0,4.0,4.0,10.0,15.0,25.0,40.0,54.0,89.0,85.0,86.0,97.0,126.0,145.0,173.0,212.0,161.0,162.0,201.0,213.0,124.0,99.0,205.0,225.0,215.0,257.0,284.0,325.0,259.0,57.0,275.0,240.0,67.0,263.0,250.0,300.0,324.0,230.0,198.0,195.0,122.0,247.0,229.0,242.0,149.0,35.0,48.0,41.0,53.0,34.0,39.0,59.0,62.0,62.0,158.0,170.0,95.0,213.0,230.0,175.0,240.0,240.0
RO,Romania,3450.0,3990.0,4054.0,3799.0,3824.0,5937.0,5065.0,5820.0,4848.0,4349.0,3356.0,5595.0,6047.0,5478.0,4994.0,4860.0,6724.0,6463.0,6250.0,4666.0,6427.0,5305.0,6465.0,5220.0,7578.0,5665.0,6700.0,6000.0,8400.0,7857.0,7311.0,5490.0,3048.0,5300.0,6187.0,7700.0,3165.0,7186.0,5200.0,,,,,,,,,,,,,,,,,,,,,,,,,,
RP,Philippines,0.0,0.0,0.0,0.0,0.0,0.0,0.0,0.0,0.0,0.0,0.0,0.0,0.0,0.0,0.0,0.0,0.0,0.0,0.0,0.0,0.0,0.0,0.0,0.0,0.0,0.0,0.0,0.0,0.0,0.0,0.0,0.0,0.0,0.0,0.0,0.0,0.0,0.0,0.0,0.0,0.0,0.0,0.0,0.0,0.0,0.0,0.0,0.0,0.0,0.0,0.0,0.0,0.0,0.0,0.0,0.0,0.0,0.0,0.0,0.0,0.0,0.0,0.0,0.0,0.0
RS,Russia,,,,,,,,,,,,,,,,,,,,,,,,,,,,36868.0,39864.0,44004.0,49596.0,38900.0,46170.0,43500.0,32100.0,30100.0,34900.0,44250.0,27012.0,30995.0,34455.0,46982.0,50609.0,34070.0,45434.0,47615.0,44927.0,49368.0,63765.0,61770.0,41508.0,56240.0,37720.0,52091.0,59080.0,61044.0,72529.0,85167.0,71685.0,73610.0,85352.0,75158.0,92000.0,91500.0,81600.0
RW,Rwanda,,,,,,,,,,,,,,,,,,,,,,,,,,,,,,,,,,,,,,,,,,,,,,,,,,,77.0,91.0,76.0,70.0,8.0,8.0,10.0,11.0,13.0,16.0,13.0,14.0,14.0,17.0,13.0
SA,Saudi Arabia,125.0,127.0,135.0,135.0,125.0,148.0,149.0,150.0,130.0,150.0,135.0,72.0,39.0,63.0,90.0,193.0,205.0,150.0,175.0,150.0,141.0,187.0,412.0,710.0,1402.0,2047.0,2290.0,2649.0,3267.0,3452.0,3580.0,4035.0,4124.0,3430.0,2646.0,1648.0,1200.0,1795.0,1734.0,2046.0,1788.0,2082.0,2436.0,2524.0,2776.0,2648.0,2630.0,2556.0,1986.0,1152.0,1349.0,1184.0,854.0,660.0,722.0,12.0,12.0,13.0,13.0,205.0,431.0,589.0,625.0,1200.0,1500.0
SF,South Africa,769.0,871.0,705.0,880.0,1060.0,656.0,548.0,1077.0,1247.0,1316.0,1396.0,1670.0,1746.0,1871.0,1596.0,1792.0,2239.0,1860.0,1690.0,2086.0,1470.0,2339.0,2420.0,1809.0,2224.0,1680.0,2321.0,3135.0,3535.0,2026.0,1702.0,2132.0,1318.0,1975.0,1832.0,1950.0,2712.0,2283.0,1884.0,1725.0,2349.0,2490.0,2320.0,1540.0,1680.0,1886.0,2105.0,1905.0,2130.0,1960.0,1430.0,2005.0,1870.0,1870.0,1750.0,1440.0,1910.0,1535.0,1868.0,1535.0,2120.0,2257.0,2110.0,2050.0,1925.0
SG,Senegal,0.0,0.0,0.0,0.0,0.0,0.0,0.0,0.0,0.0,0.0,0.0,0.0,0.0,0.0,0.0,0.0,0.0,0.0,0.0,0.0,0.0,0.0,0.0,0.0,0.0,0.0,0.0,0.0,0.0,0.0,0.0,0.0,0.0,0.0,0.0,0.0,0.0,0.0,0.0,0.0,0.0,0.0,0.0,0.0,0.0,0.0,0.0,0.0,0.0,0.0,0.0,0.0,0.0,0.0,0.0,0.0,0.0,0.0,0.0,0.0,0.0,0.0,0.0,0.0,0.0
SI,Slovenia,,,,,,,,,,,,,,,,,,,,,,,,,,,,,,,,,178.0,168.0,182.0,156.0,137.0,139.0,169.0,,,,,,,,,,,,,,,,,,,,,,,,,,
SL,Sierra Leone,0.0,0.0,0.0,0.0,0.0,0.0,0.0,0.0,0.0,0.0,0.0,0.0,0.0,0.0,0.0,0.0,0.0,0.0,0.0,0.0,0.0,0.0,0.0,0.0,0.0,0.0,0.0,0.0,0.0,0.0,0.0,0.0,0.0,0.0,0.0,0.0,0.0,0.0,0.0,0.0,0.0,0.0,0.0,0.0,0.0,0.0,0.0,0.0,0.0,0.0,0.0,0.0,0.0,0.0,0.0,0.0,0.0,0.0,0.0,0.0,0.0,0.0,0.0,0.0,0.0
SN,Singapore,,,,,,0.0,0.0,0.0,0.0,0.0,0.0,0.0,0.0,0.0,0.0,0.0,0.0,0.0,0.0,0.0,0.0,0.0,0.0,0.0,0.0,0.0,0.0,0.0,0.0,0.0,0.0,0.0,0.0,0.0,0.0,0.0,0.0,0.0,0.0,0.0,0.0,0.0,0.0,0.0,0.0,0.0,0.0,0.0,0.0,0.0,0.0,0.0,0.0,0.0,0.0,0.0,0.0,0.0,0.0,0.0,0.0,0.0,0.0,0.0,0.0
SO,Somalia,0.0,0.0,0.0,0.0,0.0,0.0,0.0,0.0,0.0,0.0,0.0,0.0,0.0,0.0,0.0,0.0,0.0,0.0,0.0,0.0,0.0,0.0,0.0,0.0,0.0,0.0,0.0,0.0,0.0,0.0,0.0,0.0,0.0,0.0,0.0,0.0,0.0,0.0,0.0,0.0,0.0,0.0,0.0,0.0,0.0,0.0,0.0,0.0,0.0,0.0,0.0,0.0,0.0,0.0,0.0,0.0,0.0,0.0,0.0,0.0,0.0,0.0,0.0,0.0,0.0
SR,Serbia and Montenegro,,,,,,,,,,,,,,,,,,,,,,,,,,,,,,,,,2101.0,3049.0,3241.0,2949.0,1507.0,2920.0,2967.0,2000.0,1800.0,2500.0,2240.0,1360.0,2758.0,2011.0,,,,,,,,,,,,,,,,,,,
SU,Sudan,25.0,30.0,30.0,38.0,55.0,69.0,78.0,87.0,123.0,115.0,162.0,156.0,149.0,235.0,246.0,264.0,294.0,317.0,140.0,233.0,218.0,142.0,141.0,172.0,79.0,200.0,157.0,140.0,250.0,410.0,500.0,831.0,875.0,450.0,475.0,450.0,550.0,650.0,535.0,170.0,215.0,335.0,250.0,365.0,360.0,435.0,669.0,803.0,587.0,642.0,403.0,324.0,324.0,265.0,473.0,779.0,516.0,463.0,702.0,726.0,718.0,602.0,476.0,400.0,400.0
SY,Syria,555.0,757.0,1374.0,1190.0,1100.0,1044.0,559.0,1049.0,600.0,1003.0,625.0,846.0,1808.0,593.0,1630.0,1550.0,1790.0,1217.0,1651.0,1320.0,2238.0,2087.0,1556.0,1612.0,1068.0,1714.0,1850.0,1656.0,2067.0,1020.0,2070.0,2140.0,3046.0,3625.0,3703.0,4184.0,4080.0,3031.0,4112.0,2692.0,3105.0,4745.0,4775.0,4913.0,4537.0,4669.0,4200.0,4041.0,2139.0,3600.0,3600.0,3850.0,3700.0,4000.0,2500.0,3500.0,2400.0,1851.0,1223.0,3085.0,2848.0,1952.0,1552.0,3033.0,3000.0
SZ,Switzerland,378.0,316.0,418.0,299.0,388.0,352.0,348.0,425.0,416.0,379.0,318.0,387.0,382.0,326.0,379.0,344.0,378.0,306.0,384.0,398.0,372.0,385.0,410.0,410.0,596.0,521.0,478.0,450.0,544.0,609.0,578.0,592.0,546.0,566.0,575.0,618.0,679.0,597.0,616.0,506.0,586.0,509.0,518.0,436.0,539.0,531.0,544.0,543.0,548.0,550.0,524.0,553.0,516.0,480.0,535.0,512.0,372.0,510.0,511.0,497.0,529.0,459.0,487.0,500.0,500.0
TC,United Arab Emirates,,,,,,,,,,,,0.0,0.0,0.0,0.0,0.0,0.0,0.0,0.0,0.0,0.0,0.0,0.0,0.0,0.0,0.0,0.0,0.0,0.0,0.0,0.0,0.0,0.0,0.0,0.0,0.0,0.0,0.0,0.0,0.0,0.0,0.0,0.0,0.0,0.0,0.0,0.0,0.0,0.0,0.0,0.0,0.0,0.0,0.0,0.0,0.0,0.0,0.0,0.0,0.0,0.0,0.0,0.0,0.0,0.0
TD,Trinidad and Tobago,0.0,0.0,0.0,0.0,0.0,0.0,0.0,0.0,0.0,0.0,0.0,0.0,0.0,0.0,0.0,0.0,0.0,0.0,0.0,0.0,0.0,0.0,0.0,0.0,0.0,0.0,0.0,0.0,0.0,0.0,0.0,0.0,0.0,0.0,0.0,0.0,0.0,0.0,0.0,0.0,0.0,0.0,0.0,0.0,0.0,0.0,0.0,0.0,0.0,0.0,0.0,0.0,0.0,0.0,0.0,0.0,0.0,0.0,0.0,0.0,0.0,0.0,0.0,0.0,0.0
TH,Thailand,0.0,0.0,0.0,0.0,0.0,0.0,0.0,0.0,0.0,0.0,0.0,0.0,0.0,0.0,0.0,0.0,0.0,0.0,0.0,0.0,0.0,0.0,0.0,0.0,0.0,0.0,0.0,0.0,0.0,0.0,0.0,0.0,0.0,0.0,0.0,0.0,0.0,0.0,0.0,0.0,0.0,0.0,0.0,0.0,0.0,0.0,0.0,0.0,0.0,0.0,0.0,0.0,0.0,0.0,0.0,0.0,0.0,0.0,0.0,0.0,0.0,0.0,0.0,0.0,0.0
TI,Tajikistan,,,,,,,,,,,,,,,,,,,,,,,,,,,,175.0,191.0,109.0,134.0,141.0,156.0,159.0,182.0,174.0,395.0,550.0,388.0,365.0,406.0,387.0,545.0,660.0,650.0,550.0,530.0,530.0,350.0,700.0,500.0,400.0,800.0,900.0,770.0,770.0,770.0,900.0,779.0,837.0,864.0,876.0,934.0,860.0,870.0
TO,Togo,,,,,,,,,,,,,,,,,,,,,,,,0.0,0.0,0.0,0.0,0.0,0.0,0.0,0.0,0.0,0.0,0.0,0.0,0.0,0.0,0.0,0.0,0.0,0.0,0.0,0.0,0.0,0.0,0.0,0.0,0.0,0.0,0.0,0.0,0.0,0.0,0.0,0.0,0.0,0.0,0.0,0.0,0.0,0.0,0.0,0.0,0.0,0.0
TS,Tunisia,439.0,243.0,393.0,652.0,421.0,521.0,349.0,330.0,383.0,336.0,349.0,660.0,887.0,820.0,795.0,965.0,810.0,570.0,750.0,680.0,869.0,963.0,916.0,618.0,711.0,1380.0,474.0,1360.0,220.0,420.0,1122.0,1786.0,1584.0,1400.0,500.0,530.0,2000.0,950.0,1353.0,1393.0,842.0,1118.0,423.0,1983.0,1722.0,1627.0,1251.0,1443.0,919.0,1654.0,822.0,1605.0,1523.0,975.0,1513.0,912.0,927.0,1104.0,1070.0,1454.0,1043.0,1193.0,1252.0,442.0,1150.0
TU,Turkey,7000.0,6336.0,6804.0,7892.0,7000.0,7430.0,8200.0,9000.0,8400.0,8300.0,8000.0,10700.0,9500.0,8000.0,8300.0,11500.0,13000.0,13500.0,13300.0,13000.0,13000.0,13200.0,13800.0,13300.0,13300.0,12700.0,14000.0,13000.0,16000.0,12500.0,16000.0,16500.0,15500.0,16500.0,14700.0,15500.0,16000.0,16000.0,18000.0,16500.0,18000.0,15500.0,16800.0,16800.0,18500.0,18500.0,17500.0,15500.0,16800.0,18450.0,17000.0,18800.0,16000.0,18750.0,15250.0,19500.0,17250.0,21000.0,19000.0,17500.0,18250.0,16000.0,17250.0,21000.0,19000.0
TW,Taiwan,46.0,44.0,42.0,19.0,20.0,23.0,29.0,24.0,17.0,10.0,4.0,2.0,2.0,1.0,0.0,3.0,1.0,0.0,0.0,3.0,2.0,3.0,2.0,2.0,2.0,4.0,5.0,3.0,3.0,4.0,4.0,4.0,4.0,4.0,4.0,3.0,0.0,0.0,0.0,0.0,0.0,0.0,0.0,0.0,0.0,0.0,0.0,0.0,0.0,0.0,0.0,0.0,7.0,4.0,7.0,7.0,4.0,5.0,6.0,5.0,6.0,3.0,6.0,4.0,6.0
TX,Turkmenistan,,,,,,,,,,,,,,,,,,,,,,,,,,,,93.0,92.0,86.0,130.0,206.0,377.0,509.0,675.0,878.0,330.0,640.0,1200.0,1000.0,1150.0,1200.0,1200.0,1200.0,1500.0,1600.0,1600.0,1600.0,900.0,1200.0,1200.0,1300.0,1200.0,1600.0,1200.0,1200.0,1400.0,1000.0,700.0,1500.0,1320.0,900.0,1100.0,650.0,900.0
TZ,Tanzania,12.0,6.0,18.0,25.0,27.0,23.0,39.0,31.0,44.0,39.0,61.0,62.0,98.0,50.0,14.0,50.0,58.0,62.0,55.0,60.0,50.0,90.0,86.0,74.0,74.0,83.0,70.0,72.0,76.0,95.0,105.0,85.0,65.0,60.0,55.0,75.0,85.0,110.0,129.0,82.0,35.0,90.0,75.0,75.0,67.0,102.0,110.0,83.0,43.0,82.0,62.0,113.0,109.0,104.0,167.0,72.0,76.0,50.0,57.0,63.0,77.0,70.0,75.0,75.0,75.0
UG,Uganda,,,,,,,,,,,,,,,,,,,,,,,,,,,,,,,,,,,,,,,,,,,,,,,,,,,20.0,20.0,20.0,20.0,22.0,22.0,22.0,22.0,23.0,24.0,25.0,25.0,25.0,25.0,25.0
UK,United Kingdom,,,,,,,,,,,,,,,,,,,,,,,,,,,,,,,,,,,,,,,,,,,,,,,,,,,,,,,,,14383.0,14837.0,13555.0,15600.0,9658.0,13988.0,15540.0,13980.0,11050.0
UP,Ukraine,,,,,,,,,,,,,,,,,,,,,,,,,,,,19655.0,21709.0,27400.0,30374.0,21155.0,19508.0,21831.0,13857.0,16273.0,13550.0,18404.0,14937.0,13585.0,10197.0,21349.0,20556.0,3599.0,17520.0,18699.0,13947.0,13938.0,25885.0,20866.0,16844.0,22324.0,15761.0,22278.0,24750.0,27274.0,26791.0,26981.0,25057.0,29171.0,25420.0,33007.0,21500.0,23000.0,23400.0
UR,Union of Soviet Socialist Repu,59350.0,61770.0,65735.0,46142.0,68874.0,55677.0,93227.0,71977.0,86526.0,73945.0,92601.0,91933.0,79571.0,102051.0,78272.0,61826.0,90097.0,86078.0,112948.0,83760.0,91485.0,75816.0,78886.0,72241.0,64175.0,72575.0,85998.0,,,,,,,,,,,,,,,,,,,,,,,,,,,,,,,,,,,,,,
US,United States,36877.0,33557.0,29719.0,31216.0,34917.0,34917.0,35788.0,41014.0,42375.0,39272.0,36795.0,44052.0,42081.0,46560.0,48496.0,57885.0,58480.0,55670.0,48322.0,58080.0,64798.0,75805.0,75250.0,65857.0,70618.0,65974.0,56896.0,57362.0,49320.0,55428.0,74292.0,53891.0,67135.0,65220.0,63167.0,59404.0,61980.0,67534.0,69327.0,62475.0,60641.0,53001.0,43705.0,63805.0,58698.0,57243.0,49217.0,55821.0,68363.0,60117.0,58868.0,54244.0,61298.0,58105.0,55147.0,56117.0,62832.0,47380.0,51311.0,52581.0,49523.0,44804.0,44898.0,49095.0,53650.0
UV,Burkina Faso,0.0,0.0,0.0,0.0,0.0,0.0,0.0,0.0,0.0,0.0,0.0,0.0,0.0,0.0,0.0,0.0,0.0,0.0,0.0,0.0,0.0,0.0,0.0,0.0,0.0,0.0,0.0,0.0,0.0,0.0,0.0,0.0,0.0,0.0,0.0,0.0,0.0,0.0,0.0,0.0,0.0,0.0,0.0,0.0,0.0,0.0,0.0,0.0,0.0,0.0,0.0,0.0,0.0,0.0,0.0,0.0,0.0,0.0,0.0,0.0,0.0,0.0,0.0,0.0,0.0
UY,Uruguay,413.0,372.0,452.0,237.0,646.0,620.0,329.0,144.0,470.0,447.0,388.0,302.0,186.0,297.0,526.0,456.0,505.0,173.0,174.0,500.0,370.0,450.0,420.0,419.0,349.0,246.0,232.0,308.0,390.0,543.0,416.0,188.0,342.0,343.0,487.0,393.0,650.0,505.0,559.0,384.0,324.0,144.0,206.0,326.0,533.0,454.0,611.0,697.0,1357.0,1844.0,1301.0,2016.0,982.0,1533.0,1076.0,1191.0,757.0,440.0,728.0,776.0,936.0,974.0,1283.0,1344.0,1300.0
UZ,Uzbekistan,,,,,,,,,,,,,,,,,,,,,,,,,,,,495.0,563.0,342.0,553.0,610.0,950.0,800.0,1350.0,2350.0,2700.0,3100.0,3600.0,3700.0,3600.0,3400.0,5000.0,5400.0,5250.0,5800.0,5850.0,6200.0,6000.0,6200.0,6500.0,6300.0,6700.0,6800.0,7150.0,6965.0,6940.0,6079.0,5411.0,6093.0,6158.0,5985.0,6270.0,6462.0,6700.0
VE,Venezuela,1.0,1.0,1.0,1.0,1.0,1.0,1.0,2.0,1.0,1.0,1.0,1.0,1.0,1.0,1.0,1.0,1.0,1.0,1.0,1.0,1.0,1.0,1.0,1.0,1.0,1.0,1.0,1.0,0.0,0.0,0.0,0.0,0.0,0.0,0.0,0.0,0.0,0.0,0.0,0.0,0.0,0.0,0.0,0.0,0.0,0.0,0.0,0.0,0.0,0.0,0.0,0.0,0.0,0.0,0.0,0.0,0.0,0.0,0.0,0.0,0.0,0.0,0.0,0.0,0.0
VM,Vietnam,,,,0.0,0.0,0.0,0.0,0.0,0.0,0.0,0.0,0.0,0.0,0.0,0.0,0.0,0.0,0.0,0.0,0.0,0.0,0.0,0.0,0.0,0.0,0.0,0.0,0.0,0.0,0.0,0.0,0.0,0.0,0.0,0.0,0.0,0.0,0.0,0.0,0.0,0.0,0.0,0.0,0.0,0.0,0.0,0.0,0.0,0.0,0.0,0.0,0.0,0.0,0.0,0.0,0.0,0.0,0.0,0.0,0.0,0.0,0.0,0.0,0.0,0.0
WA,Namibia,,,,,,,,,,,,,,,,,,,,,,,,,,,,,,,,,,,,,,,,,,,,,,,,,,,12.0,16.0,16.0,15.0,10.0,10.0,10.0,6.0,6.0,6.0,12.0,19.0,25.0,30.0,20.0
YE,Yemen (Sanaa),,,,,,,,,27.0,30.0,33.0,33.0,50.0,71.0,71.0,16.0,52.0,55.0,80.0,63.0,53.0,70.0,67.0,27.0,55.0,61.0,65.0,67.0,80.0,75.0,80.0,,,,,,,,,,,,,,,,,,,,,,,,,,,,,,,,,,
YM,Yemen,,,,,,,,,,,,,,,,,,,,,,,,,,,,,,,,100.0,152.0,160.0,171.0,171.0,145.0,129.0,167.0,140.0,142.0,153.0,132.0,104.0,103.0,113.0,149.0,219.0,170.0,222.0,265.0,232.0,250.0,250.0,192.0,124.0,96.0,96.0,92.0,100.0,127.0,138.0,100.0,100.0,110.0
YO,Former Yugoslavia,3570.0,3170.0,3510.0,4140.0,3700.0,3460.0,4600.0,4820.0,4360.0,4880.0,3790.0,5604.0,4843.0,4750.0,6282.0,4404.0,5979.0,5595.0,5355.0,4512.0,5091.0,4270.0,5218.0,5524.0,5595.0,4839.0,4776.0,5272.0,6300.0,5599.0,6359.0,6725.0,,,,,,,,,,,,,,,,,,,,,,,,,,,,,,,,,
YS,Yemen (Aden),12.0,11.0,12.0,13.0,18.0,21.0,20.0,21.0,15.0,10.0,13.0,13.0,14.0,14.0,12.0,12.0,24.0,27.0,14.0,25.0,25.0,15.0,15.0,15.0,15.0,18.0,15.0,17.0,15.0,15.0,17.0,,,,,,,,,,,,,,,,,,,,,,,,,,,,,,,,,,
ZA,Zambia,,,,0.0,0.0,0.0,0.0,0.0,0.0,0.0,0.0,0.0,0.0,0.0,0.0,1.0,4.0,6.0,6.0,7.0,10.0,12.0,11.0,12.0,10.0,18.0,30.0,33.0,35.0,47.0,52.0,55.0,58.0,70.0,43.0,60.0,60.0,70.0,65.0,90.0,60.0,80.0,75.0,135.0,85.0,135.0,95.0,116.0,113.0,195.0,172.0,237.0,254.0,274.0,202.0,214.0,160.0,194.0,114.0,152.0,192.0,206.0,235.0,250.0,250.0
